#Team name, Cell format, hyperlink (optional)
# U6 45 mins ANFL (MADJ)
U6A,        bgcolor="#FFFFC8","http://www.whitegrove.com/03_04/U6/u6.htm"
U6B,        bgcolor="#FFFFA0","http://www.whitegrove.com/03_04/U6/u6.htm"
# U7 45 mins ANFL (MADJ)
Eagles,     bgcolor="#FFC8C8","http://www.whitegrove.com/03_04/U7/u7.htm"
Falcons,    bgcolor="#FFC8A0","http://www.whitegrove.com/03_04/U7/u7.htm"
Hawks,      bgcolor="#FFA0A0","http://www.whitegrove.com/03_04/U7/u7.htm"
# U8 45 mins (ANFL) MADJ
Wanderers,  bgcolor="#FFA0C8","http://www.whitegrove.com/03_04/U8/u8.htm"
Wasps,      bgcolor="#FFC8FF","http://www.whitegrove.com/03_04/U8/u8.htm"
Wolves,     bgcolor="#FFA0FF","http://www.whitegrove.com/03_04/U8/u8.htm"
# U9 45 mins TRAF STJM (HIGH) MADJ
Raiders,    bgcolor="#C8FFFF","http://www.whitegrove.com/03_04/U9/u9.htm"
Pirates,    bgcolor="#C8FFC8","http://www.whitegrove.com/03_04/U9/u9.htm"
Buccaneers, bgcolor="#C8FFA0","http://www.whitegrove.com/03_04/U9/u9.htm"
Crusaders,  bgcolor="#C8C8FF","http://www.whitegrove.com/03_04/U9/u9.htm"
# U10 55 mins TRAF STJM HIGH (MADJ)
Lions,      bgcolor="#C8A0FF","http://www.whitegrove.com/03_04/U10/u10.htm"
Pumas,      bgcolor="#AOC8FF","http://www.whitegrove.com/03_04/U10/u10.htm"
Tigers,     bgcolor="#A0FFC8","http://www.whitegrove.com/03_04/U10/u10.htm"
# U11 65 mins TRAF STJM HIGH (MADJ)
Arrows,     bgcolor="#A0AOFF","http://www.whitegrove.com/03_04/U11/u11.htm"
Belles,     bgcolor="#A0C8FF","http://www.whitegrove.com/03_04/U11/u11.htm"
Spears,     bgcolor="#A0FFFF","http://www.whitegrove.com/03_04/U11/u11.htm"
# U12 65 mins MEML
United,     bgcolor="#A0A0A0","http://www.whitegrove.com/03_04/U12/u12.htm"
Wizards,    bgcolor="#AOC8A0","http://www.whitegrove.com/03_04/U12/u12.htm"
# Other
RESERVED,   bgcolor="#F0F0F0",
CLOSED,     bgcolor="#888888",
