# Day/month/year, Home team name, Away team name, start time, duration, pitch code
# start time and duration will be rounded to nearest 10 minutes,,,,,
13/09/2003,Wolves,Ashridge Park A,09:30,50,STJM
13/09/2003,Wanderers,Ashridge Park B,10:20,50,STJM
13/09/2003,Eagles,Finchampstead A,09:30,50,ANFL
13/09/2003,Falcons,Finchampstead B,10:20,50,ANFL
13/09/2003,Hawks,Pinewood Panthers,11:10,50,ANFL
20/09/2003,United,Thames Valley Juniors,10:00,70,TRAF
13/09/2003,Spears,Bracknell Town,09:30,70,TRAF
13/09/2003,Arrows,Ascot Rangers,10:40,70,TRAF
13/09/2003,Pirates,Crusader Kings A,11:10,50,STJM
27/09/2003,Pirates,Winnersh A,10:20,50,STJM
18/10/2003,Pirates,California Royals,10:20,50,STJM
22/11/2003,Pirates,Bracknell Cavaliers A,10:20,50,STJM
06/12/2003,Pirates,FC Holyport A,09:30,50,STJM
17/01/2004,Pirates,Curley Park Boys,10:20,50,STJM
31/01/2004,Pirates,Pinewood Panthers,10:20,50,STJM
14/02/2004,Pirates,Ascot Blues,10:20,50,STJM
06/03/2004,Pirates,Laurel Park A,10:20,50,STJM
20/03/2004,Pirates,FCB Spartans,10:20,50,STJM
11/10/2003,Wizards,Woodley Wanderers,10:00,70,MEML
24/04/2004,Pirates,Ascot Racers,10:20,50,STJM
13/09/2003,CLOSED,(No pitch marked?),09:10,220,MADJ
13/09/2003,CLOSED,(Cricket Season),09:10,220,MEML
20/09/2003,CLOSED,(Cricket Season),09:10,220,MEML
27/09/2003,CLOSED,(Cricket Season),09:10,220,MEML
04/10/2003,CLOSED,(Cricket Season),09:10,220,MEML
20/09/2003,Pumas,Bracknell Town Tigers,09:30,60,HIGH
20/09/2003,Tigers,Bracknell Town A  Lions,10:30,60,HIGH
20/09/2003,Lions,Swallowfield Stingers,11:00,60,STJM
20/09/2003,Raiders,Finchampstead A,11:30,50,TRAF
27/09/2003,Eagles,Sandhurst Town Spartans,11:30,50,ANFL
27/09/2003,Falcons,Sandhurst Town Spitfires,10:30,50,ANFL
27/09/2003,Spears,Maidenhead United Magpies,10:40,70,HIGH
27/09/2003,Buccaneers,Ashridge Park Royals,09:30,50,STJM
27/09/2003,Arrows,Binfield Sharks,09:30,70,HIGH
04/10/2003,Tigers,Curley Park (C),10:00,60,HIGH
11/10/2003,Hawks,Whitegrove Falcons,10:30,50,ANFL
11/10/2003,Pumas,Bracknell Celtic A,10:00,60,HIGH
25/10/2003,Wizards,Laurel Park,10:00,70,MEML
11/10/2003,Lions,Sandhurst Town Scorpions,09:30,60,STJM
11/10/2003,Raiders,Ascot United,09:30,50,TRAF
18/10/2003,Spears,Sandhurst Town Eagles,09:30,70,HIGH
18/10/2003,Buccaneers,Darby Green Dynamos Black,09:30,50,STJM
18/10/2003,Arrows,Sandhurst Town Kestrels,10:40,70,HIGH
25/10/2003,Eagles,Winnersh Rangers,09:30,50,ANFL
25/10/2003,Falcons,Winnersh Rangers B,10:30,50,ANFL
25/10/2003,Pumas,Bracknell Cavaliers Colts,09:30,60,HIGH
25/10/2003,Tigers,California Rangers,10:30,60,HIGH
08/11/2003,Wizards,Woodley Wanderers,10:00,70,MEML
25/10/2003,Lions,California Raiders,10:00,60,STJM
25/10/2003,Raiders,Binfield Rockets,10:30,50,TRAF
22/11/2003,Wizards,California Sovereigns,10:00,70,MEML
08/11/2003,Pumas,Swallowfield Girls (C),10:00 HIGH,,
15/11/2003,Pumas,Bracknell Celtic A,09:30,60,HIGH
15/11/2003,Tigers,FC Bracknell Bullets,10:30,60,HIGH
15/11/2003,Lions,United Bracknell Sharks,10:00,60,STJM
15/11/2003,Raiders,Curley Park Rangers,10:30,50,TRAF
22/11/2003,Eagles,Binfield Bulls,10:30,50,ANFL
22/11/2003,Falcons,Bracknell Cavaliers A,09:30,50,ANFL
22/11/2003,Hawks,Bracknell Town B,11:30,50,ANFL
22/11/2003,Spears,Pinewood Panthers,10:40,70,HIGH
06/12/2003,Wizards,Ashridge Park Royals,10:00,70,MEML
22/11/2003,Arrows,Ashridge Park Monarchs,09:30,70,HIGH
29/11/2003,Pumas,United Bracknell Tigers,09:30,60,HIGH
29/11/2003,Tigers,Ascot United Racing,10:40,60,HIGH
29/11/2003,Lions,Laurel Park B,10:40,60,STJM
29/11/2003,Raiders,Pinewood Pumas,10:30,50,TRAF
06/12/2003,Eagles,Dynamos,11:30,50,ANFL
06/12/2003,Falcons,Derby Green Dynamos,10:30,50,ANFL
06/12/2003,Hawks,FC Bracknell Bullets,09:30,50,ANFL
06/12/2003,Spears,Winnersh Rangers Lions,09:30,70,HIGH
17/01/2004,Wizards,Winnersh Rangers Warriors,10:00,70,MEML
06/12/2003,Buccaneers,WAB Soccer School,10:20,50,STJM
06/12/2003,Arrows,California Hawks,10:40,70,HIGH
20/12/2003,Pumas,Ashridge Park Royals,09:30,60,HIGH
20/12/2003,Tigers,Binfield Lions,10:30,60,HIGH
20/12/2003,Lions,Binfield Panthers,10:00,60,STJM
20/12/2003,Raiders,Ascot Royals,10:30,50,TRAF
10/01/2004,Pumas,Winnersh Rangers Eagles,09:30,60,HIGH
10/01/2004,Tigers,Winnersh Rangers Hawks,10:30,60,HIGH
10/01/2004,Lions,Winnersh Rangers Falcons,10:00,60,STJM
10/01/2004,Raiders,Bracknell Town A,10:30,50,TRAF
17/01/2004,Spears,Dynamos,10:40,70,HIGH
07/02/2004,Wizards,Woodley Saints Leopards,10:00,70,MEML
17/01/2004,Buccaneers,FC Bracknell Patriots,09:30,50,STJM
17/01/2004,Arrows,Binfield Eagles,09:30,70,HIGH
24/01/2004,Pumas,Earlwood United,09:30,60,HIGH
24/01/2004,Tigers,Earlwood Royals,10:30,60,HIGH
24/01/2004,Lions,Swallowfield Girls,10:00,60,STJM
24/01/2004,Raiders,FC Bracknell Titans,10:30,50,TRAF
31/01/2004,Spears,Laurel Park Tornadoes,09:30,70,HIGH
31/01/2004,Buccaneers,Pinewood Predators,09:30,50,STJM
31/01/2004,Arrows,Laurel Park Hurricanes,10:40,70,HIGH
07/02/2004,Pumas,Pinewood Predators,09:30,60,HIGH
07/02/2004,Tigers,Ascot United Royals,10:30,60,HIGH
06/03/2004,Wizards,Binfield FC Rangers,10:00,70,MEML
07/02/2004,Lions,Meadway Youth,10:00,60,STJM
07/02/2004,Raiders,Sandhurst Saracens,10:30,50,TRAF
14/02/2004,Spears,Woodley Saints Falcons,10:40,70,HIGH
14/02/2004,Arrows,Woodley Saints Hawks,09:30,70,HIGH
06/03/2004,Spears,Camberley Boys Terriers,09:30,70,HIGH
20/03/2004,Wizards,Bracknell Town Buccaneers,10:00,70,MEML
06/03/2004,Buccaneers,Binfield Raiders,09:30,50,STJM
06/03/2004,Arrows,Bracknell Cavaliers Colts,09:30,70,HIGH
13/03/2004,Tigers,Curley Park Rangers,10:30,60,HIGH
13/03/2004,Lions,Curley Park Rangers C,10:00,60,STJM
13/03/2004,Raiders,Ashridge Park,10:30,50,TRAF
13/03/2004,Pumas,Pinewood Predators,11:30,HIGH,
20/03/2004,Spears,Twyford Comets,10:40,70,HIGH
24/04/2004,Wizards,Bracknell Cavaliers Colts,10:00,70,MEML
20/03/2004,Buccaneers,Crusader Kings,09:30,50,STJM
20/03/2004,Arrows,Twyford Comets Crusaders,10:40,70,HIGH
27/03/2004,Pumas,Sandhurst Town Saxons,09:30,60,HIGH
27/03/2004,Lions,Woodley Saints Dolphins,10:00,60,STJM
27/03/2004,Raiders,California,10:30,50,TRAF
24/04/2004,Spears,Forest Boys,09:30,70,HIGH
#13/09/2003,Wizards,Camberley Town Raiders,10:00,70,HIGH
24/04/2004,Buccaneers,Sandhurst Strikers,09:30,50,STJM
24/04/2004,Arrows,Pinewood Predators,09:30,70,HIGH
20/09/2003, Crusaders,Bracknell Cavaliers Colts,09:30,50,ANFL
11/10/2003,Crusaders,FC Holyport B,09:30,50,ANFL
25/10/2003,Crusaders,Laurel Park Hurricanes B,11:30,50,ANFL
15/11/2003,Crusaders,Crusader Knights,09:30,50,ANFL
29/11/2003,Crusaders,Curley Park Boys C,09:30,50,ANFL
20/12/2003,Crusaders,Winnersh Pumas C,09:30,50,ANFL
10/01/2004,Crusaders,Bracknell Town B,09:30,50,ANFL
24/01/2004,Crusaders,Finchampstead B,09:30,50,ANFL
07/02/2004,Crusaders,Sandhurst Dynamos C,09:30,50,ANFL
13/03/2004,Crusaders,Winnersh Rangers C,09:30,50,ANFL
27/03/2004,Crusaders,California C,09:30,50,ANFL
27/09/2003,Wanderers,TBA,09:30,50,MADJ
18/10/2003,Wanderers,TBA,09:30,50,MADJ
08/11/2003,Wanderers,TBA,09:30,50,MADJ
22/11/2003,Wanderers,TBA,09:30,50,MADJ
13/12/2003,Wanderers,TBA,09:30,50,MADJ
20/12/2003,Wanderers,TBA,09:30,50,MADJ
10/01/2004,Wanderers,TBA,09:30,50,MADJ
17/01/2004,Wanderers,TBA,09:30,50,MADJ
31/01/2004,Wanderers,TBA,09:30,50,MADJ
07/02/2004,Wanderers,TBA,09:30,50,MADJ
28/02/2004,Wanderers,TBA,09:30,50,MADJ
06/03/2004,Wanderers,TBA,09:30,50,MADJ
13/03/2004,Wanderers,TBA,09:30,50,MADJ
27/03/2004,Wanderers,TBA,09:30,50,MADJ
03/04/2004,Wanderers,TBA,09:30,50,MADJ
10/04/2004,Wanderers,TBA,09:30,50,MADJ
24/04/2004,Wanderers,TBA,09:30,50,MADJ
27/09/2003,Wasps,TBA,10:20,50,MADJ
18/10/2003,Wasps,TBA,10:20,50,MADJ
08/11/2003,Wasps,TBA,10:20,50,MADJ
22/11/2003,Wasps,TBA,10:20,50,MADJ
13/12/2003,Wasps,TBA,10:20,50,MADJ
20/12/2003,Wasps,TBA,10:20,50,MADJ
10/01/2004,Wasps,TBA,10:20,50,MADJ
17/01/2004,Wasps,TBA,10:20,50,MADJ
31/01/2004,Wasps,TBA,10:20,50,MADJ
07/02/2004,Wasps,TBA,10:20,50,MADJ
28/02/2004,Wasps,TBA,10:20,50,MADJ
06/03/2004,Wasps,TBA,10:20,50,MADJ
13/03/2004,Wasps,TBA,10:20,50,MADJ
27/03/2004,Wasps,TBA,10:20,50,MADJ
03/04/2004,Wasps,TBA,10:20,50,MADJ
10/04/2004,Wasps,TBA,10:20,50,MADJ
24/04/2004,Wasps,TBA,10:20,50,MADJ
27/09/2003,Wolves,TBA,11:10,50,MADJ
18/10/2003,Wolves,TBA,11:10,50,MADJ
08/11/2003,Wolves,TBA,11:10,50,MADJ
22/11/2003,Wolves,TBA,11:10,50,MADJ
13/12/2003,Wolves,TBA,11:10,50,MADJ
20/12/2003,Wolves,TBA,11:10,50,MADJ
10/01/2004,Wolves,TBA,11:10,50,MADJ
17/01/2004,Wolves,TBA,11:10,50,MADJ
31/01/2004,Wolves,TBA,11:10,50,MADJ
07/02/2004,Wolves,TBA,11:10,50,MADJ
28/02/2004,Wolves,TBA,11:10,50,MADJ
06/03/2004,Wolves,TBA,11:10,50,MADJ
13/03/2004,Wolves,TBA,11:10,50,MADJ
27/03/2004,Wolves,TBA,11:10,50,MADJ
03/04/2004,Wolves,TBA,11:10,50,MADJ
10/04/2004,Wolves,TBA,11:10,50,MADJ
24/04/2004,Wolves,TBA,11:10,50,MADJ
08/11/2003,Pirates,Pinewood Pumas A (c),10:00,50,STJM
04/10/2003,Buccaneers,Finchampstead (c),11:10,50,STJM
08/11/2003,Buccaneers,Darby Green Dynamos Black (c),11:00,50,STJM
22/11/2003,Buccaneers,FC Holyport,09:30,50,STJM
14/02/2004,Buccaneers,Maidenhead United Magpies,09:30,50,STJM
20/03/2004,Buccaneers,FC Bracknell Blades,09:30,50,STJM
4/10/03,Raiders,Ascot Royals (c),10:00,50,STJM
4/10/03,United,Eldon Celtic (c),09:00,70,TRAF
11/10/03,United,Binfield FC Town,11:10,70,MEML
25/10/03,United,Bracknell Town Pirates,11:10,70,MEML
29/11/03,United,WAB Academy,11:00,70,MEML
20/12/03,United,Bracknell Cavaliers,11:00,70,MEML
24/1/04,United,Whiteknights,11:00,70,MEML
7/2/04,United,California,11:10,70,MEML
27/3/04,United,Bracknell Aces Blues,11:00,70,MEML
4/10/03,Spears,Ashridge (c),10:30,70,TRAF
8/11/03,Lions,TBA (c),09:30,60,TRAF
15/11/03,Wanderers,TBA,10:00,40,MADJ
29/11/03,Wanderers,TBA,10:00,40,MADJ
06/12/03,Wanderers,TBA,10:00,40,MADJ
24/01/03,Wanderers,TBA,10:00,40,MADJ
